-- Sample Financial Data for Week 4 Testing
-- Stock prices for the last 30 days

-- Apple Inc. (AAPL) - Company ID 1
INSERT INTO stock_prices (company_id, date, open_price, high_price, low_price, close_price, volume, adjusted_close) VALUES
(1, '2025-08-01', 175.50, 177.20, 174.80, 176.45, 45000000, 176.45),
(1, '2025-08-02', 176.45, 178.90, 175.60, 177.80, 52000000, 177.80),
(1, '2025-08-03', 177.80, 179.50, 176.20, 178.30, 48000000, 178.30),
(1, '2025-08-04', 178.30, 180.10, 177.50, 179.20, 51000000, 179.20),
(1, '2025-08-05', 179.20, 181.40, 178.80, 180.60, 49000000, 180.60),
(1, '2025-08-06', 180.60, 182.20, 179.90, 181.40, 47000000, 181.40),
(1, '2025-08-07', 181.40, 183.80, 180.60, 182.90, 53000000, 182.90),
(1, '2025-08-08', 182.90, 184.50, 181.80, 183.60, 46000000, 183.60),
(1, '2025-08-09', 183.60, 185.20, 182.40, 184.30, 44000000, 184.30),
(1, '2025-08-10', 184.30, 186.80, 183.60, 185.70, 50000000, 185.70);

-- Microsoft (MSFT) - Company ID 2
INSERT INTO stock_prices (company_id, date, open_price, high_price, low_price, close_price, volume, adjusted_close) VALUES
(2, '2025-08-01', 420.30, 423.80, 418.90, 421.60, 28000000, 421.60),
(2, '2025-08-02', 421.60, 425.40, 420.20, 423.90, 31000000, 423.90),
(2, '2025-08-03', 423.90, 427.60, 422.80, 425.70, 29000000, 425.70),
(2, '2025-08-04', 425.70, 429.20, 424.50, 427.40, 32000000, 427.40),
(2, '2025-08-05', 427.40, 431.80, 426.60, 429.90, 30000000, 429.90),
(2, '2025-08-06', 429.90, 433.40, 428.70, 431.60, 28000000, 431.60),
(2, '2025-08-07', 431.60, 435.90, 430.40, 433.80, 33000000, 433.80),
(2, '2025-08-08', 433.80, 437.20, 432.60, 435.40, 29000000, 435.40),
(2, '2025-08-09', 435.40, 439.60, 434.20, 437.90, 31000000, 437.90),
(2, '2025-08-10', 437.90, 441.80, 436.40, 439.60, 30000000, 439.60);

-- Tesla (TSLA) - Company ID 3
INSERT INTO stock_prices (company_id, date, open_price, high_price, low_price, close_price, volume, adjusted_close) VALUES
(3, '2025-08-01', 245.80, 248.90, 243.60, 246.70, 35000000, 246.70),
(3, '2025-08-02', 246.70, 250.40, 245.20, 248.90, 38000000, 248.90),
(3, '2025-08-03', 248.90, 252.60, 247.80, 250.40, 36000000, 250.40),
(3, '2025-08-04', 250.40, 254.20, 249.60, 252.10, 39000000, 252.10),
(3, '2025-08-05', 252.10, 256.80, 251.40, 254.60, 37000000, 254.60),
(3, '2025-08-06', 254.60, 258.40, 253.20, 256.90, 40000000, 256.90),
(3, '2025-08-07', 256.90, 260.60, 255.80, 258.40, 38000000, 258.40),
(3, '2025-08-08', 258.40, 262.20, 257.60, 260.10, 36000000, 260.10),
(3, '2025-08-09', 260.10, 264.80, 259.40, 262.60, 39000000, 262.60),
(3, '2025-08-10', 262.60, 266.40, 261.20, 264.90, 37000000, 264.90);

-- Financial Indicators Data
INSERT INTO financial_indicators (company_id, date, market_cap, pe_ratio, pb_ratio, debt_to_equity, return_on_equity, profit_margin, revenue_growth) VALUES
(1, '2025-08-10', 2850000000000.00, 28.50, 15.20, 0.85, 0.185, 0.245, 0.085),
(2, '2025-08-10', 3250000000000.00, 32.40, 12.80, 0.65, 0.195, 0.285, 0.095),
(3, '2025-08-10', 850000000000.00, 45.20, 18.60, 1.25, 0.165, 0.185, 0.125),
(4, '2025-08-10', 450000000000.00, 22.80, 8.90, 0.45, 0.225, 0.315, 0.075),
(5, '2025-08-10', 380000000000.00, 18.60, 6.40, 0.35, 0.245, 0.285, 0.065),
(6, '2025-08-10', 280000000000.00, 25.40, 9.80, 0.55, 0.195, 0.265, 0.085),
(7, '2025-08-10', 320000000000.00, 20.80, 7.60, 0.42, 0.235, 0.295, 0.075),
(8, '2025-08-10', 180000000000.00, 16.20, 5.80, 0.38, 0.255, 0.325, 0.055),
(9, '2025-08-10', 220000000000.00, 19.40, 6.90, 0.48, 0.215, 0.275, 0.065),
(10, '2025-08-10', 150000000000.00, 14.80, 4.60, 0.32, 0.265, 0.345, 0.045);

-- Market Data (S&P 500, NASDAQ, DOW, VIX, Treasury)
INSERT INTO market_data (date, sp500_close, nasdaq_close, dow_close, vix_close, treasury_10y) VALUES
('2025-08-01', 4850.20, 15250.80, 38500.40, 12.50, 4.25),
('2025-08-02', 4875.60, 15320.40, 38750.80, 11.80, 4.20),
('2025-08-03', 4890.40, 15380.20, 38850.60, 11.20, 4.18),
('2025-08-04', 4915.80, 15450.60, 39000.40, 10.90, 4.15),
('2025-08-05', 4930.20, 15480.80, 39100.20, 10.60, 4.12),
('2025-08-06', 4955.60, 15550.40, 39250.80, 10.30, 4.10),
('2025-08-07', 4970.40, 15580.60, 39300.40, 10.10, 4.08),
('2025-08-08', 4995.80, 15650.20, 39450.60, 9.80, 4.05),
('2025-08-09', 5010.20, 15680.40, 39500.80, 9.60, 4.02),
('2025-08-10', 5035.60, 15750.80, 39650.40, 9.40, 4.00);
